row,old_url,derived_slug,heading,body_chars,blocks,h2_count,list_count,link_count,image_count,warnings
2,https://www.corporatespecialties.com/blog/eco-friendly-promotional-products-earth-day,eco-friendly-promotional-products-earth-day,Top Eco-Friendly Promotional Products For Earth Day—And Beyond,14334,79,0,1,0,0,cleaned-email-cta:1 | no-h2-detected
3,https://www.corporatespecialties.com/blog/top-promotional-drinkware,top-promotional-drinkware,Thirsty For Effective Branding Ideas? Think Promotional Drinkware,10313,54,0,0,0,0,cleaned-email-cta:1 | no-h2-detected
4,https://www.corporatespecialties.com/blog/standout-promotional-products-ppai-expo-2025,standout-promotional-products-ppai-expo-2025,"Stylish, Sustainable & Standout Promotional Products From The PPAI Expo 2025",9636,62,12,0,0,0,cleaned-email-cta:1
5,https://www.corporatespecialties.com/blog/top-eco-friendly-promotional-journals,top-eco-friendly-promotional-journals,Top 4 Eco-Friendly Promotional Journals,5428,27,0,0,0,0,cleaned-email-cta:1 | no-h2-detected
6,https://www.corporatespecialties.com/blog/corporate-health-wellness-branded-merch,corporate-health-wellness-branded-merch,Shape Up Corporate Health And Wellness Programs With Branded Merch,9616,45,0,0,0,0,cleaned-email-cta:1 | no-h2-detected
7,https://www.corporatespecialties.com/blog/annual-promotional-marketing-calendar,annual-promotional-marketing-calendar,Plan Ahead To Get Ahead: The 2025 Promotional Marketing Calendar,1378,8,0,0,1,0,cleaned-email-cta:1 | no-h2-detected
8,https://www.corporatespecialties.com/blog/top-eco-friendly-branded-apparel,top-eco-friendly-branded-apparel,Top 6 Eco-Friendly Branded Apparel Products,7673,44,0,1,0,0,cleaned-email-cta:1 | no-h2-detected
9,https://www.corporatespecialties.com/blog/top-luxe-promotional-bags,top-luxe-promotional-bags,Luxury Is In The Bag: Top 8 Luxe Promotional Bags For Executives,11122,65,0,2,1,0,cleaned-email-cta:1 | no-h2-detected
10,https://www.corporatespecialties.com/blog/top-company-swag,top-company-swag,The Ultimate 2026 Company Swag Guide: 51 Trending Products For Any Occasion,47623,285,51,3,1,0,cleaned-email-cta:1 | very-long-body
11,https://www.corporatespecialties.com/blog/eco-friendly-bamboo-promotional-products,eco-friendly-bamboo-promotional-products,Top 5 Eco-Friendly Bamboo Promotional Products For Sustainable Branding,4611,28,0,0,1,0,cleaned-email-cta:1 | no-h2-detected
12,https://www.corporatespecialties.com/blog/corporate-outerwear,corporate-outerwear,Warm Up Apparel Promos With Corporate Outerwear,6697,35,0,0,1,0,cleaned-email-cta:1 | no-h2-detected
13,https://www.corporatespecialties.com/blog/promotional-writing-instruments,promotional-writing-instruments,Six Must-Have Promotional Writing Instruments To Fit Any Budget,6140,45,0,1,1,0,cleaned-email-cta:1 | no-h2-detected
14,https://www.corporatespecialties.com/blog/top-merch-school-spirit,top-merch-school-spirit,School Spirit: Seven Branded Merch Items Students Will Cheer About,7525,41,0,0,1,0,cleaned-email-cta:1 | no-h2-detected
15,https://www.corporatespecialties.com/blog/top-10-reasons-you-need-uniform-program,top-10-reasons-you-need-uniform-program,Top 10 Reasons YOU Need A Branded Uniform Program,8910,43,10,0,1,0,cleaned-email-cta:1
16,https://www.corporatespecialties.com/blog/tiktok-fan-favorite-bic-intensity-click-gel-pens,tiktok-fan-favorite-bic-intensity-click-gel-pens,BIC Intensity Gel Click: Get The TikTok Trend For Your Biz,2321,13,0,0,1,0,cleaned-email-cta:1 | no-h2-detected
17,https://www.corporatespecialties.com/blog/splurge-vs-steal-customized-black-laptop-backpacks,splurge-vs-steal-customized-black-laptop-backpacks,Splurge vs Steal: Customized Black Laptop Backpacks,4523,22,0,0,1,0,cleaned-email-cta:1 | no-h2-detected
18,https://www.corporatespecialties.com/blog/top-promotional-golf-products,top-promotional-golf-products,8 Promotional Golf Products That Play To Win,8611,42,0,0,1,0,cleaned-email-cta:1 | no-h2-detected
19,https://www.corporatespecialties.com/blog/singin-in-the-rain-spring-promo-products,singin-in-the-rain-spring-promo-products,Singin’ In The Rain: 4 Must-Have Promo Products For Spring,1392,13,3,0,0,0,
20,https://www.corporatespecialties.com/blog/travel-tumblers-stanley-look-for-less,travel-tumblers-stanley-look-for-less,Travel Tumblers: The Best Stanley Cup Dupes In 2024,5638,29,0,0,1,0,cleaned-email-cta:1 | no-h2-detected
21,https://www.corporatespecialties.com/blog/dance-party-merch,dance-party-merch,4 Must-Have Dance Party Products For Your Next Merch Drop,1626,15,3,0,0,0,
22,https://www.corporatespecialties.com/blog/corporate-specialties-blog-wins-seventh-ppai-pyramid-award,corporate-specialties-blog-wins-seventh-ppai-pyramid-award,Corporate Specialties’ Blog Wins 7th PPAI Pyramid Award,4068,24,0,2,1,0,cleaned-email-cta:1 | no-h2-detected
23,https://www.corporatespecialties.com/blog/6-ways-swag-can-help-rocket-your-business-into-the-new-year,6-ways-swag-can-help-rocket-your-business-into-the-new-year,6 Ways Branded Merch Can Help Rocket Your Business Throughout the New Year,6893,31,6,0,1,0,cleaned-email-cta:1
24,https://www.corporatespecialties.com/blog/inner-city-100-award-winners-2023,inner-city-100-award-winners-2023,Corporate Specialties Ranks #70 On The Initiative For A Competitive Inner City’s Annual Inner City 100 List,3148,14,0,0,1,0,cleaned-email-cta:1 | no-h2-detected
25,https://www.corporatespecialties.com/blog/ppai-growth-list-2023,ppai-growth-list-2023,Corporate Specialties Recognized As A PPAI Growth Leader,2577,14,0,0,1,0,cleaned-email-cta:1 | no-h2-detected
26,https://www.corporatespecialties.com/blog/branded-floor-mats,branded-floor-mats,Custom Floor Mats: The Surprising Branding Opportunity That’s Right Underfoot,5784,38,4,0,1,0,cleaned-email-cta:1
27,https://www.corporatespecialties.com/blog/merch-celebrities-will-love,merch-celebrities-will-love,How To Create Merch Celebrities Love: 3 Tips To Create A VIP Experience,2498,14,3,0,1,0,cleaned-email-cta:1
28,https://www.corporatespecialties.com/blog/top-retail-inspired-promotional-coffee-mugs,top-retail-inspired-promotional-coffee-mugs,3 Retail-Inspired Promotional Coffee Mugs That Perk Up Marketing Campaigns,5994,28,0,0,1,0,cleaned-email-cta:1 | no-h2-detected
29,https://www.corporatespecialties.com/blog/cozy-merch,cozy-merch,Winter-Proof Your Brand: 3 Cozy Promotional Products That Will Melt Customers’ Hearts,3481,21,0,0,1,0,cleaned-email-cta:1 | no-h2-detected
30,https://www.corporatespecialties.com/blog/top-branded-toys-games,top-branded-toys-games,Branded Merch For Fun & Games All Year Long,3812,20,0,0,1,0,cleaned-email-cta:1 | no-h2-detected
31,https://www.corporatespecialties.com/blog/get-the-bear-look-tubular-t-shirts,get-the-bear-look-tubular-t-shirts,Get “The Bear” Look: How To Emulate The Hit TV Show’s Iconic T-Shirt For Your Business,8847,49,0,0,1,0,cleaned-email-cta:1 | no-h2-detected
32,https://www.corporatespecialties.com/blog/top-charcuterie-cheese-boards,top-charcuterie-cheese-boards,Say Cheese! 3 Charcuterie Boards That Guarantee Smiles,3754,20,0,0,1,0,cleaned-email-cta:1 | no-h2-detected
33,https://www.corporatespecialties.com/blog/top-promotional-tech-gifts,top-promotional-tech-gifts,Ding! Gift Ideas That Are A TECHnical Knockout,3260,21,0,0,1,0,cleaned-email-cta:1 | no-h2-detected
34,https://www.corporatespecialties.com/blog/ppai-lead-2023-recap,ppai-lead-2023-recap,Corporate Specialties Goes To Washington For PPAI L.E.A.D. 2023,5937,25,3,0,1,0,cleaned-email-cta:1
35,https://www.corporatespecialties.com/blog/summertime-promotional-products,summertime-promotional-products,Fun In The Sun: 9 Must-Have Summertime Promotional Products To Create A Vacation Experience,16130,73,0,0,1,0,cleaned-email-cta:1 | no-h2-detected
36,https://www.corporatespecialties.com/blog/top-promotional-bags,top-promotional-bags,7 Top Promotional Bags For Ultimate Brand Building,9239,49,0,0,1,0,cleaned-email-cta:1 | no-h2-detected
37,https://www.corporatespecialties.com/blog/petitpop,petitpop,Got Stress? We Have Relief: The PetitPop,3160,22,0,1,1,0,cleaned-email-cta:1 | no-h2-detected
38,https://www.corporatespecialties.com/blog/must-haves-trade-shows,must-haves-trade-shows,"Ready, Set, Show: 5 Must-Haves For Your Next Trade Show Exhibition",6990,32,5,0,1,0,cleaned-email-cta:1
39,https://www.corporatespecialties.com/blog/eurofit-banner,eurofit-banner,Products You'll Love: EuroFit Banner Display,3513,26,0,1,1,0,cleaned-email-cta:1 | no-h2-detected
40,https://www.corporatespecialties.com/blog/employee-onboarding-program-new-hires-will-love,employee-onboarding-program-new-hires-will-love,Create An Employee Onboarding Program—With Merch—That New Hires Will Love,8013,42,0,0,1,0,cleaned-email-cta:1 | no-h2-detected
41,https://www.corporatespecialties.com/blog/forbes-feature-7-tips-themed-interactive-events,forbes-feature-7-tips-themed-interactive-events,"Forbes Feature: Seven Tips For Building A Themed, Interactive Event Experience",1424,10,0,0,1,0,cleaned-email-cta:1 | no-h2-detected
42,https://www.corporatespecialties.com/blog/forbes-expert-panel-essential-aspects-successful-brands,forbes-expert-panel-essential-aspects-successful-brands,Forbes Expert Panel Feature: 15 Essential Aspects Of Any Successful Brand,1621,7,0,0,1,0,cleaned-email-cta:1 | no-h2-detected
43,https://www.corporatespecialties.com/blog/upscale-corporate-gifts,upscale-corporate-gifts,Elevate Your Brand: 3 Ways To Make Corporate Gifts More Upscale,5104,33,3,0,1,0,cleaned-email-cta:1
44,https://www.corporatespecialties.com/blog/myth-busted-promotional-products-arent-sophisticated,myth-busted-promotional-products-arent-sophisticated,Myth Busted: Promotional Products Aren't For Sophisticated Brands,8100,45,0,0,1,0,cleaned-email-cta:1 | no-h2-detected
45,https://www.corporatespecialties.com/blog/koozie-spotlight-2022,koozie-spotlight-2022,Koozie Group: Six Favorite Factory Tour Finds,6965,39,0,0,1,0,cleaned-email-cta:1 | no-h2-detected
46,https://www.corporatespecialties.com/blog/top-promotional-holiday-food-gifts,top-promotional-holiday-food-gifts,Season's Greetings: 7 Delicious Holiday Food Gifts That Deliver Joy,9602,53,0,0,1,0,cleaned-email-cta:1 | no-h2-detected
47,https://www.corporatespecialties.com/blog/forbes-expert-panel-selling-facts,forbes-expert-panel-selling-facts,Forbes Expert Panel Feature: 16 Essential Facts Every Founder Should Know About Selling,1605,6,0,0,1,0,cleaned-email-cta:1 | no-h2-detected
48,https://www.corporatespecialties.com/blog/eco-friendly-reusable-straws,eco-friendly-reusable-straws,5 Favorite Reusable Straws For Eco-Friendly Promotions,6938,35,0,0,1,0,cleaned-email-cta:1 | no-h2-detected
49,https://www.corporatespecialties.com/blog/forbes-feature-health-wellness-programs,forbes-feature-health-wellness-programs,Forbes Feature: Five Tips To Implement A Corporate Health And Wellness Program Employees Will Love,1529,5,0,0,1,0,cleaned-email-cta:1 | no-h2-detected
50,https://www.corporatespecialties.com/blog/forbes-expert-panel-affordable-small-business-growth,forbes-expert-panel-affordable-small-business-growth,Forbes Expert Panel Feature: 16 Simple Ways To Affordably Grow A Small Business,1742,6,0,0,1,0,cleaned-email-cta:1 | no-h2-detected
51,https://www.corporatespecialties.com/blog/simon-t-bailey-spotlights-corporate-specialties-ppai-expo-2022,simon-t-bailey-spotlights-corporate-specialties-ppai-expo-2022,Breakthrough Mindset: The PPAI Expo 2022 Keynote Speaker Spotlights Corporate Specialties,2093,8,0,0,1,0,cleaned-email-cta:1 | no-h2-detected
52,https://www.corporatespecialties.com/blog/forbes-expert-panel-15-strategies-repeat-purchases,forbes-expert-panel-15-strategies-repeat-purchases,Forbes Expert Panel Feature: 15 Foolproof Strategies For Encouraging Repeat Purchases,1611,6,0,0,1,0,cleaned-email-cta:1 | no-h2-detected
53,https://www.corporatespecialties.com/blog/top-promotional-picnic-barbeque-items,top-promotional-picnic-barbeque-items,Five Lifestyle Promotional Products To Make Summertime’s Picnics And Barbeques The Best Yet,6374,31,0,0,1,0,cleaned-email-cta:1 | no-h2-detected
54,https://www.corporatespecialties.com/blog/powerful-ways-to-keep-remote-workers-connected,powerful-ways-to-keep-remote-workers-connected,7 Powerful Ways To Keep Remote Workers Connected And Engaged,10509,41,0,0,1,0,cleaned-email-cta:1 | no-h2-detected
55,https://www.corporatespecialties.com/blog/forbes-expert-panel-digitize-your-business-14-strategies,forbes-expert-panel-digitize-your-business-14-strategies,Forbes Expert Panel Feature: Digitize Your Business With These 14 Smart Strategies,1957,6,0,0,1,0,cleaned-email-cta:1 | no-h2-detected
56,https://www.corporatespecialties.com/blog/top-promotional-tech-items,top-promotional-tech-items,Amplify Your Brand With These Top 11 Promotional Tech Items,12234,58,0,0,1,0,cleaned-email-cta:1 | no-h2-detected
57,https://www.corporatespecialties.com/blog/ritualize-recognition-programs,ritualize-recognition-programs,9 Ways To Ritualize Recognition Programs With Branded Merchandise,6633,37,9,0,1,0,cleaned-email-cta:1
58,https://www.corporatespecialties.com/blog/forbes-feature-ritualize-recognition-programs,forbes-feature-ritualize-recognition-programs,Forbes Feature: Three Ways To Ritualize Recognition Programs To Boost Employee Morale And Engagement,1593,8,0,0,1,0,cleaned-email-cta:1 | no-h2-detected
59,https://www.corporatespecialties.com/blog/forbes-expert-panel-14-personal-branding-trends-2022,forbes-expert-panel-14-personal-branding-trends-2022,Forbes Expert Panel Feature: 14 Personal Branding Trends You'll See In 2022,1497,5,0,0,1,0,cleaned-email-cta:1 | no-h2-detected
60,https://www.corporatespecialties.com/blog/forbes-expert-panel-cost-of-convenience,forbes-expert-panel-cost-of-convenience,Forbes Expert Panel Feature: 15 Ways To Strike The Balance Between ‘Business Convenience’ And Its Human Cost,1518,6,0,0,1,0,cleaned-email-cta:1 | no-h2-detected
61,https://www.corporatespecialties.com/blog/inner-city-100-award-winners-2021,inner-city-100-award-winners-2021,Corporate Specialties Named One Of The Nation’s Fastest Growing Companies In Under-Resourced Communities,5426,22,0,0,2,0,cleaned-email-cta:1 | no-h2-detected
62,https://www.corporatespecialties.com/blog/forbes-expert-panel-stand-firm-tough-clients,forbes-expert-panel-stand-firm-tough-clients,Forbes Expert Panel Feature: How To Stand Firm With Tough Clients Without Severing Your Relationship,1666,6,0,0,1,0,cleaned-email-cta:1 | no-h2-detected
63,https://www.corporatespecialties.com/blog/top-eco-friendly-promotional-pens,top-eco-friendly-promotional-pens,Top 5 Eco-Friendly Promotional Pens,5494,26,0,0,1,0,cleaned-email-cta:1 | no-h2-detected
64,https://www.corporatespecialties.com/blog/forbes-feature-return-of-business-casual,forbes-feature-return-of-business-casual,Forbes Feature: The Return Of Business Casual - Three Strategic Questions To Ask When Building Branded Corporate Apparel Programs,1516,9,0,1,1,0,cleaned-email-cta:1 | no-h2-detected
65,https://www.corporatespecialties.com/blog/forbes-expert-panel-revamp-customer-experience,forbes-expert-panel-revamp-customer-experience,Forbes Expert Panel Feature: 15 ‘Low-Hanging Fruit’ Actions To Help Revamp Your Customer Experience,1597,7,0,0,1,0,cleaned-email-cta:1 | no-h2-detected
66,https://www.corporatespecialties.com/blog/7-tips-reward-recognize-outstanding-performance-without-breaking-bank,7-tips-reward-recognize-outstanding-performance-without-breaking-bank,7 Tips To Reward & Recognize Outstanding Performance Without Breaking The Bank,6764,36,7,1,1,0,cleaned-email-cta:1
67,https://www.corporatespecialties.com/blog/forbes-expert-panel-building-positive-culture-onsite-freelance-talent,forbes-expert-panel-building-positive-culture-onsite-freelance-talent,Forbes Expert Panel Feature: 16 Strategies For Building A Positive Culture With Onsite And Freelance Talent,1628,6,0,0,1,0,cleaned-email-cta:1 | no-h2-detected
68,https://www.corporatespecialties.com/blog/forbes-expert-panel-leveraging-qr-codes-for-business,forbes-expert-panel-leveraging-qr-codes-for-business,Forbes Expert Panel Feature: 10 Things To Keep In Mind When Leveraging QR Codes For Business,1557,6,0,0,1,0,cleaned-email-cta:1 | no-h2-detected
69,https://www.corporatespecialties.com/blog/think-business-live-interview-2021,think-business-live-interview-2021,Valerie Hayman Sklar Joins Jon Dwoskin On THINK Business LIVE Podcast,2005,12,0,1,1,0,cleaned-email-cta:1 | no-h2-detected
70,https://www.corporatespecialties.com/blog/forbes-feature-branded-merchandise-hybird-office,forbes-feature-branded-merchandise-hybird-office,Forbes Feature: Three Ways To Leverage Branded Merchandise To Support Hybrid Employees,1507,9,0,1,1,0,cleaned-email-cta:1 | no-h2-detected
71,https://www.corporatespecialties.com/blog/forbes-expert-panel-preserving-company-culture-remote-work,forbes-expert-panel-preserving-company-culture-remote-work,Forbes Expert Panel Feature: 16 Ways To Preserve Company Culture In A Remote Environment,1977,7,0,0,1,0,cleaned-email-cta:1 | no-h2-detected
72,https://www.corporatespecialties.com/blog/ppb-feature-tough-times-stronger-companies,ppb-feature-tough-times-stronger-companies,"PPB Magazine Feature: Tough Times, Stronger Companies",2082,9,0,0,1,0,cleaned-email-cta:1 | no-h2-detected
73,https://www.corporatespecialties.com/blog/forbes-expert-panel-13-perks-employee-morale,forbes-expert-panel-13-perks-employee-morale,Forbes Expert Panel Feature: 13 Perks To Improve Employee Morale And Retention,1599,7,0,0,1,0,cleaned-email-cta:1 | no-h2-detected
74,https://www.corporatespecialties.com/blog/corporate-gift-ideas-hybrid-office,corporate-gift-ideas-hybrid-office,6 Corporate Gift Ideas For Employees Returning To A Hybrid Office,7879,39,0,0,1,0,cleaned-email-cta:1 | no-h2-detected
75,https://www.corporatespecialties.com/blog/mistakes-happen-how-to-say-you-are-sorry,mistakes-happen-how-to-say-you-are-sorry,Mistakes Happen: How To Say You’re Sorry (Hint: A Gift Can Help),6761,36,0,0,1,0,cleaned-email-cta:1 | no-h2-detected
76,https://www.corporatespecialties.com/blog/forbes-feature-maximize-promotional-products-virtual-events,forbes-feature-maximize-promotional-products-virtual-events,Forbes Feature: Seven Ways To Maximize The Impact Of Promotional Products For Virtual Events,1512,13,0,1,1,0,cleaned-email-cta:1 | no-h2-detected
77,https://www.corporatespecialties.com/blog/staying-connected-while-working-from-home,staying-connected-while-working-from-home,Staying Connected While Working From Home,6083,32,0,0,1,0,cleaned-email-cta:1 | no-h2-detected
78,https://www.corporatespecialties.com/blog/vhs-accepted-forbes-business-council,vhs-accepted-forbes-business-council,Corporate Specialties’ Valerie Hayman Sklar Accepted Into Forbes Business Council; Published On Forbes.com,2143,7,0,0,0,0,no-h2-detected
79,https://www.corporatespecialties.com/blog/top-eco-friendly-promotional-bags,top-eco-friendly-promotional-bags,Top 5 Eco-Friendly Promotional Bags,6144,31,0,0,1,0,cleaned-email-cta:1 | no-h2-detected
80,https://www.corporatespecialties.com/blog/cursive-writing-boosts-cognitive-skills,cursive-writing-boosts-cognitive-skills,Cursive Writing Boosts Cognitive Skills—And Is Still Needed In The Digital Age,11661,44,0,0,0,0,no-h2-detected
81,https://www.corporatespecialties.com/blog/drew-barrymore-detroit-news-tshirt,drew-barrymore-detroit-news-tshirt,Detroit News Raises $70k For Rosa Parks Foundation Thanks To Remake Of 1980s T-Shirt—And Drew Barrymore,8274,40,0,0,1,0,cleaned-email-cta:1 | no-h2-detected
82,https://www.corporatespecialties.com/blog/top-3-eco-friendly-promotional-drinkware-products,top-3-eco-friendly-promotional-drinkware-products,Top 3 Eco-Friendly Promotional Drinkware Products,3937,19,0,0,1,0,cleaned-email-cta:1 | no-h2-detected
83,https://www.corporatespecialties.com/blog/corporate-holiday-gifts,corporate-holiday-gifts,5 Holiday Gifts Guaranteed To Be Remembered All Year Long,4594,25,0,0,1,0,cleaned-email-cta:1 | no-h2-detected
84,https://www.corporatespecialties.com/blog/plan-for-success-part-3,plan-for-success-part-3,Plan For Success Part 3: Your Road Map To Implementing Promotional Marketing Strategic Plans To Perfection,10985,47,7,0,1,0,cleaned-email-cta:1
85,https://www.corporatespecialties.com/blog/plan-for-success-part-2,plan-for-success-part-2,Plan For Success Part 2: The 5 Building Blocks Of Promotional Marketing Strategy,7469,34,5,0,1,0,cleaned-email-cta:1
86,https://www.corporatespecialties.com/blog/plan-for-success-part-1,plan-for-success-part-1,Plan For Success Part 1: Why Strategy Is Imperative To Your Marketing Promotions,7673,45,10,0,1,0,cleaned-email-cta:1
87,https://www.corporatespecialties.com/blog/3-easy-ways-to-professionally-include-your-brand-during-video-calls,3-easy-ways-to-professionally-include-your-brand-during-video-calls,3 Easy Ways To Professionally Include Your Brand During Video Calls,3451,23,0,0,1,0,cleaned-email-cta:1 | no-h2-detected
88,https://www.corporatespecialties.com/blog/corporate-specialties-certified-dhb-wbe,corporate-specialties-certified-dhb-wbe,Corporate Specialties Certified As Detroit Headquartered Business & Woman-Owned Business Enterprise,1761,1,0,0,0,0,removed-contact-sentence:1 | no-h2-detected | single-paragraph-body
89,https://www.corporatespecialties.com/blog/driving-home-your-branding-message-with-uniforms,driving-home-your-branding-message-with-uniforms,Driving Home Your Branding Message With Uniforms,2975,14,0,0,1,0,cleaned-email-cta:1 | no-h2-detected
90,https://www.corporatespecialties.com/blog/say-hello-to-concierge-service,say-hello-to-concierge-service,Say Hello To Concierge Service For Branded Merchandise,3940,21,5,0,1,0,cleaned-email-cta:1
91,https://www.corporatespecialties.com/blog/welcome-home-how-to-incorporate-promotional-products-into-recipients-lives,welcome-home-how-to-incorporate-promotional-products-into-recipients-lives,Welcome Home: How To Incorporate Promotional Products Into Recipients' Lives,8753,50,0,0,1,0,cleaned-email-cta:1 | no-h2-detected
92,https://www.corporatespecialties.com/blog/making-connections-people-love-promo-products,making-connections-people-love-promo-products,Making Connections: Why People Love Promo Products,5984,36,4,1,1,0,cleaned-email-cta:1
93,https://www.corporatespecialties.com/blog/outreach-marketing-programs,outreach-marketing-programs,Reaching Out: 3 Ways To Add Swag To Outreach Marketing Programs,8753,45,0,0,1,0,cleaned-email-cta:1 | no-h2-detected
94,https://www.corporatespecialties.com/blog/uniform-program-7-easy-steps,uniform-program-7-easy-steps,Dress The Part: Jump Start Your Employee Uniform Program In 7 Easy Steps,7651,35,7,0,1,0,cleaned-email-cta:1
95,https://www.corporatespecialties.com/blog/boost-goodwill-host-a-yappy-hour-event,boost-goodwill-host-a-yappy-hour-event,Boost Goodwill: Host A Yappy Hour Event,3711,19,0,0,1,0,cleaned-email-cta:1 | no-h2-detected
